R,policy,cost,alarms,tp,fp,fn,savings,recall,precision,threshold (median)
2,No predictive maintenance,678.0000,0.0000,0.0000,0.0000,339.0000,0.0000,0.0000,,
2,"ML, raw features (HGB)",486.0000,266.0000,229.0000,37.0000,110.0000,0.2832,0.6755,0.8609,0.4500
2,ML + physics (HGB),433.0000,273.0000,259.0000,14.0000,80.0000,0.3614,0.7640,0.9487,0.7244
2,Rules only,391.0000,287.0000,287.0000,0.0000,52.0000,0.4233,0.8466,1.0000,1.0000
2,Hybrid (calibrated),391.0000,287.0000,287.0000,0.0000,52.0000,0.4233,0.8466,1.0000,1.0000
2,Rules + tool change,392.0000,288.0000,287.0000,1.0000,52.0000,0.4218,0.8466,0.9965,1000000.0000
3,No predictive maintenance,1017.0000,0.0000,0.0000,0.0000,339.0000,0.0000,0.0000,,
3,"ML, raw features (HGB)",573.0000,315.0000,253.0000,62.0000,86.0000,0.4366,0.7463,0.8032,0.2877
3,ML + physics (HGB),514.0000,310.0000,271.0000,39.0000,68.0000,0.4946,0.7994,0.8742,0.1665
3,Rules only,443.0000,287.0000,287.0000,0.0000,52.0000,0.5644,0.8466,1.0000,1.0000
3,Hybrid (calibrated),443.0000,287.0000,287.0000,0.0000,52.0000,0.5644,0.8466,1.0000,1.0000
3,Rules + tool change,444.0000,288.0000,287.0000,1.0000,52.0000,0.5634,0.8466,0.9965,246.0000
5,No predictive maintenance,1695.0000,0.0000,0.0000,0.0000,339.0000,0.0000,0.0000,,
5,"ML, raw features (HGB)",729.0000,349.0000,263.0000,86.0000,76.0000,0.5699,0.7758,0.7536,0.2197
5,ML + physics (HGB),629.0000,319.0000,277.0000,42.0000,62.0000,0.6289,0.8171,0.8683,0.1665
5,Rules only,547.0000,287.0000,287.0000,0.0000,52.0000,0.6773,0.8466,1.0000,1.0000
5,Hybrid (calibrated),547.0000,287.0000,287.0000,0.0000,52.0000,0.6773,0.8466,1.0000,1.0000
5,Rules + tool change,556.0000,296.0000,287.0000,9.0000,52.0000,0.6720,0.8466,0.9696,246.0000
7,No predictive maintenance,2373.0000,0.0000,0.0000,0.0000,339.0000,0.0000,0.0000,,
7,"ML, raw features (HGB)",899.0000,395.0000,267.0000,128.0000,72.0000,0.6212,0.7876,0.6759,0.1711
7,ML + physics (HGB),761.0000,327.0000,277.0000,50.0000,62.0000,0.6793,0.8171,0.8471,0.1665
7,Rules only,651.0000,287.0000,287.0000,0.0000,52.0000,0.7257,0.8466,1.0000,1.0000
7,Hybrid (calibrated),653.0000,310.0000,290.0000,20.0000,49.0000,0.7248,0.8555,0.9355,0.0984
7,Rules + tool change,661.0000,318.0000,290.0000,28.0000,49.0000,0.7214,0.8555,0.9119,232.0000
10,No predictive maintenance,3390.0000,0.0000,0.0000,0.0000,339.0000,0.0000,0.0000,,
10,"ML, raw features (HGB)",1055.0000,495.0000,283.0000,212.0000,56.0000,0.6888,0.8348,0.5717,0.0580
10,ML + physics (HGB),933.0000,403.0000,286.0000,117.0000,53.0000,0.7248,0.8437,0.7097,0.0315
10,Rules only,807.0000,287.0000,287.0000,0.0000,52.0000,0.7619,0.8466,1.0000,1.0000
10,Hybrid (calibrated),798.0000,318.0000,291.0000,27.0000,48.0000,0.7646,0.8584,0.9151,0.0984
10,Rules + tool change,763.0000,353.0000,298.0000,55.0000,41.0000,0.7749,0.8791,0.8442,225.0000
15,No predictive maintenance,5085.0000,0.0000,0.0000,0.0000,339.0000,0.0000,0.0000,,
15,"ML, raw features (HGB)",1308.0000,768.0000,303.0000,465.0000,36.0000,0.7428,0.8938,0.3945,0.0128
15,ML + physics (HGB),1181.0000,491.0000,293.0000,198.0000,46.0000,0.7677,0.8643,0.5967,0.0113
15,Rules only,1067.0000,287.0000,287.0000,0.0000,52.0000,0.7902,0.8466,1.0000,1.0000
15,Hybrid (calibrated),1054.0000,349.0000,292.0000,57.0000,47.0000,0.7927,0.8614,0.8367,0.0984
15,Rules + tool change,992.0000,497.0000,306.0000,191.0000,33.0000,0.8049,0.9027,0.6157,214.0000
20,No predictive maintenance,6780.0000,0.0000,0.0000,0.0000,339.0000,0.0000,0.0000,,
20,"ML, raw features (HGB)",1439.0000,779.0000,306.0000,473.0000,33.0000,0.7878,0.9027,0.3928,0.0128
20,ML + physics (HGB),1380.0000,520.0000,296.0000,224.0000,43.0000,0.7965,0.8732,0.5692,0.0099
20,Rules only,1327.0000,287.0000,287.0000,0.0000,52.0000,0.8043,0.8466,1.0000,1.0000
20,Hybrid (calibrated),1398.0000,618.0000,300.0000,318.0000,39.0000,0.7938,0.8850,0.4854,0.0517
20,Rules + tool change,1110.0000,790.0000,323.0000,467.0000,16.0000,0.8363,0.9528,0.4089,205.0000
30,No predictive maintenance,10170.0000,0.0000,0.0000,0.0000,339.0000,0.0000,0.0000,,
30,"ML, raw features (HGB)",1748.0000,1028.0000,315.0000,713.0000,24.0000,0.8281,0.9292,0.3064,0.0054
30,ML + physics (HGB),1697.0000,947.0000,314.0000,633.0000,25.0000,0.8331,0.9263,0.3316,0.0015
30,Rules only,1847.0000,287.0000,287.0000,0.0000,52.0000,0.8184,0.8466,1.0000,1.0000
30,Hybrid (calibrated),1537.0000,937.0000,319.0000,618.0000,20.0000,0.8489,0.9410,0.3404,0.0150
30,Rules + tool change,1321.0000,841.0000,323.0000,518.0000,16.0000,0.8701,0.9528,0.3841,203.0000
50,No predictive maintenance,16950.0000,0.0000,0.0000,0.0000,339.0000,0.0000,0.0000,,
50,"ML, raw features (HGB)",2213.0000,1113.0000,317.0000,796.0000,22.0000,0.8694,0.9351,0.2848,0.0042
50,ML + physics (HGB),2173.0000,1123.0000,318.0000,805.0000,21.0000,0.8718,0.9381,0.2832,0.0007
50,Rules only,2887.0000,287.0000,287.0000,0.0000,52.0000,0.8297,0.8466,1.0000,1.0000
50,Hybrid (calibrated),1929.0000,979.0000,320.0000,659.0000,19.0000,0.8862,0.9440,0.3269,0.0150
50,Rules + tool change,1567.0000,867.0000,325.0000,542.0000,14.0000,0.9076,0.9587,0.3749,203.0000
75,No predictive maintenance,25425.0000,0.0000,0.0000,0.0000,339.0000,0.0000,0.0000,,
75,"ML, raw features (HGB)",2790.0000,1215.0000,318.0000,897.0000,21.0000,0.8903,0.9381,0.2617,0.0037
75,ML + physics (HGB),2520.0000,1245.0000,322.0000,923.0000,17.0000,0.9009,0.9499,0.2586,0.0006
75,Rules only,4187.0000,287.0000,287.0000,0.0000,52.0000,0.8353,0.8466,1.0000,1.0000
75,Hybrid (calibrated),2323.0000,1273.0000,325.0000,948.0000,14.0000,0.9086,0.9587,0.2553,0.0121
75,Rules + tool change,1917.0000,867.0000,325.0000,542.0000,14.0000,0.9246,0.9587,0.3749,203.0000
100,No predictive maintenance,33900.0000,0.0000,0.0000,0.0000,339.0000,0.0000,0.0000,,
100,"ML, raw features (HGB)",3303.0000,1903.0000,325.0000,1578.0000,14.0000,0.9026,0.9587,0.1708,0.0007
100,ML + physics (HGB),3078.0000,1478.0000,323.0000,1155.0000,16.0000,0.9092,0.9528,0.2185,0.0004
100,Rules only,5487.0000,287.0000,287.0000,0.0000,52.0000,0.8381,0.8466,1.0000,1.0000
100,Hybrid (calibrated),2752.0000,1452.0000,326.0000,1126.0000,13.0000,0.9188,0.9617,0.2245,0.0075
100,Rules + tool change,2037.0000,1037.0000,329.0000,708.0000,10.0000,0.9399,0.9705,0.3173,198.0000
